{"cameraMode":{"drawMode":0,"name":"Shaded","section":"Shading Mode"},"sceneLighting":true,"audioPlay":false,"sceneViewState":{"m_AlwaysRefresh":false,"showFog":true,"showSkybox":true,"showFlares":true,"showImageEffects":true,"showParticleSystems":true,"showVisualEffectGraphs":true,"m_FxEnabled":true},"in2DMode":false,"pivot":{"x":433.82940673828127,"y":205.81629943847657,"z":-20.950138092041017},"rotation":{"x":0.055765554308891299,"y":0.013179389759898186,"z":-0.0007292961236089468,"w":0.9983726143836975},"size":199.5421142578125,"orthographic":false}